tenant,forename,surname,email,phone_number,required_move_in_date,required_move_in_time,property_id
1,Aaron,Mendez,ligula@sedleoCras.net,(01618) 77535,2022-04-07,31,3
2,Kermit,Golden,Donec@atvelit.com,055 8817 0234,2022-04-08,21,10
3,Quinn,Bean,ut@massa.org,0817 127 1597,2022-04-08,33,6
4,Blair,Love,nec@ipsumcursusvestibulum.org,(0161) 864 9557,2022-04-07,25,6
5,Malachi,Gutierrez,Quisque.ac@orciluctus.co.uk,(029) 6295 1881,2022-04-07,21,4
6,Violet,Elliott,elementum@vestibulum.ca,070 6447 6018,2022-04-08,32,9
7,Garrett,Wiley,a.ultricies@miloremvehicula.net,(01557) 058339,2022-04-08,33,2
8,Calvin,Forbes,Cum.sociis@cursus.com,07624 734732,2022-04-07,23,8
9,Wynter,Evans,est.ac.mattis@SednequeSed.org,056 0868 2664,2022-04-08,28,5
10,Tashya,Copeland,quis@Nunc.edu,0353 531 8934,2022-04-07,20,3
11,Caesar,Elliott,risus@auguescelerisquemollis.edu,0893 441 7283,2022-04-08,16,10
12,Regan,Mcfarland,ipsum@interdumligulaeu.ca,055 7632 0221,2022-04-07,26,10
13,Genevieve,Mills,eget.tincidunt@Donecfeugiatmetus.co.uk,07596 481826,2022-04-07,21,8
14,Martina,Melendez,Suspendisse.eleifend.Cras@Integeridmagna.org,0844 013 8588,2022-04-08,36,5
15,Colorado,Garrison,sapien.imperdiet@massaVestibulumaccumsan.edu,0800 1111,2022-04-08,17,9
16,Hanae,Sherman,Aenean.eget@vitae.com,07624 144711,2022-04-08,27,6
17,Hope,Porter,mi.tempor@cursuset.net,0314 305 5057,2022-04-08,25,9
18,Rebekah,Coleman,libero@Nullamut.com,0800 399056,2022-04-07,26,7
19,Dacey,Mcguire,vel@ipsumdolorsit.org,0800 596703,2022-04-07,18,3
20,Abraham,Hancock,nulla@etpede.co.uk,(01812) 128869,2022-04-08,29,10
21,Sheila,Perkins,Maecenas.ornare.egestas@etrutrum.com,056 6744 0032,2022-04-08,17,7
22,Katell,Jefferson,felis.purus@vitae.ca,076 3276 9416,2022-04-07,16,2
23,April,Reed,aliquet.sem.ut@Aenean.org,0500 550718,2022-04-07,33,6
24,Noelle,Mcmahon,et.risus@luctusipsum.co.uk,076 0044 5296,2022-04-07,34,7
25,Rose,Key,sed.turpis@atvelitPellentesque.ca,(016977) 5905,2022-04-07,23,1
26,Macon,Levy,tellus.imperdiet@aliquetliberoInteger.co.uk,(015450) 81586,2022-04-08,21,5
27,Jescie,Roy,justo.eu.arcu@Integervulputate.ca,0500 275537,2022-04-08,26,1
28,Lesley,Higgins,ultrices@CrasinterdumNunc.co.uk,(027) 4454 6249,2022-04-08,31,2
29,Shannon,Kelly,Praesent@aliquet.org,076 4476 7518,2022-04-08,26,3
30,Taylor,Park,ante.lectus.convallis@amet.ca,0866 094 4146,2022-04-08,24,6