tenant,forename,surname,email,phone_number,required_move_in_date,required_move_in_time,property_id
1,Maxwell,Holder,non.sollicitudin@Donecegestas.org,(0119) 847 7123,2022-04-08,23,3
2,Castor,Mcmahon,quis.lectus@doloregestas.edu,(016977) 9512,2022-04-08,35,7
3,Autumn,Glover,eros.nec.tellus@facilisisvitae.edu,07041 642279,2022-04-08,21,7
4,Alea,Stewart,lorem.ac@odio.co.uk,(0112) 095 0833,2022-04-07,26,7
5,Wang,Gates,Nunc@eratVivamusnisi.edu,070 0100 6766,2022-04-07,16,4
6,Maia,Petersen,eros.Nam@eueuismodac.org,07495 129602,2022-04-07,18,2
7,Kyla,Middleton,et@congue.org,(01148) 49709,2022-04-08,19,1
8,Amena,Bradshaw,aliquam.iaculis.lacus@pede.edu,(0121) 880 3589,2022-04-07,24,10
9,Reece,Gregory,montes.nascetur@enim.net,0845 46 40,2022-04-07,30,2
10,Winifred,Mosley,elementum.lorem.ut@magna.co.uk,07377 827477,2022-04-08,16,5
11,Quail,Johns,nunc.sit.amet@auctorvelitAliquam.co.uk,056 9107 6383,2022-04-08,20,9
12,Raphael,Benton,Nulla.interdum.Curabitur@id.edu,(017438) 05780,2022-04-07,17,7
13,Meredith,Robles,sit@mattis.org,0800 1111,2022-04-07,20,1
14,Brynn,Hampton,diam.Duis@at.org,(016977) 5351,2022-04-07,20,4
15,Raven,Tran,Cras.pellentesque@blanditNam.com,0500 773205,2022-04-08,34,6
16,Hope,Goodwin,Suspendisse.dui@et.edu,07882 075981,2022-04-08,27,9
17,Aidan,Michael,ipsum@egestasnuncsed.net,055 0067 1362,2022-04-08,17,5
18,Dana,Morse,ac.metus.vitae@Nam.ca,0845 46 43,2022-04-08,24,3
19,Clio,Mercer,id.mollis@dolorQuisquetincidunt.edu,055 2245 1833,2022-04-08,34,7
20,Valentine,Mckenzie,ut.mi@odio.edu,(01075) 83790,2022-04-07,34,2
21,Harlan,Byers,dictum.placerat.augue@aliquet.edu,055 5761 1828,2022-04-08,33,9
22,Lenore,Aguirre,nec.mauris@pede.ca,076 5491 1491,2022-04-07,22,1
23,Ivor,Carey,enim.gravida@Fusce.org,(01091) 882272,2022-04-07,34,9
24,Lee,Craft,dapibus.id@Vestibulum.edu,070 7860 0697,2022-04-08,34,5
25,Cleo,Boone,dictum.Proin@enimconsequat.net,0382 244 7422,2022-04-08,22,5
26,Brynn,Bailey,molestie.orci@euaccumsan.net,07187 963606,2022-04-07,29,1
27,Nash,Snow,vitae.mauris@egestas.net,(01788) 424361,2022-04-08,30,1
28,Paula,Cross,Cras.dolor.dolor@imperdietnecleo.ca,070 7023 9911,2022-04-07,24,7
29,Ingrid,Hall,laoreet.lectus.quis@lobortisquis.co.uk,(023) 6862 2282,2022-04-08,17,6
30,Lillith,Dudley,at.egestas.a@suscipitnonummy.com,07956 310952,2022-04-07,16,3