tenant,forename,surname,email,phone_number,required_move_in_date,required_move_in_time,property_id
1,Caleb,Moreno,et@parturientmontes.edu,(018773) 90072,2022-04-07,28,9
2,Herrod,Short,nisi.sem.semper@Suspendissenon.org,076 7857 2827,2022-04-07,30,7
3,Xaviera,Mathis,sodales.Mauris.blandit@auctorvelitAliquam.net,0845 46 49,2022-04-07,24,3
4,Zena,Barton,sed@pede.edu,056 6951 3156,2022-04-07,35,7
5,Unity,Harrell,eget.dictum@dolor.ca,0800 719575,2022-04-08,25,1
6,Sonia,Fuller,mattis.velit.justo@Praesenteunulla.org,070 7356 3848,2022-04-07,22,6
7,Melyssa,Alford,magnis.dis.parturient@semmagnanec.co.uk,07624 268125,2022-04-07,18,3
8,Britanney,Owens,sit@tellus.co.uk,076 7362 0465,2022-04-08,23,9
9,Macy,Goodman,at.fringilla.purus@felis.org,0800 1111,2022-04-07,20,7
10,Kiayada,Wade,Phasellus@natoquepenatibus.org,07624 581098,2022-04-07,26,6
11,Laurel,Todd,pretium.et@venenatisvel.edu,(022) 1423 8538,2022-04-07,33,4
12,Anne,Roy,ipsum.ac@Nuncullamcorpervelit.net,055 8836 3628,2022-04-07,19,9
13,Chloe,Cline,ullamcorper.Duis.cursus@habitant.net,(0118) 652 7482,2022-04-07,26,5
14,Victor,Gardner,ante.ipsum@necorciDonec.net,0800 448931,2022-04-08,27,5
15,Cheryl,Harrell,eget.metus@estMauriseu.co.uk,0800 052266,2022-04-08,26,1
16,Giacomo,Foreman,rhoncus@dolorsit.org,0800 1111,2022-04-07,24,2
17,Amity,Hanson,dolor.quam@Cras.net,056 3449 3441,2022-04-07,33,7
18,Jermaine,Kent,sollicitudin.adipiscing.ligula@tinciduntduiaugue.edu,(0118) 428 3181,2022-04-07,24,9
19,Graham,Savage,adipiscing.elit@eu.net,(025) 5382 6535,2022-04-08,27,7
20,Catherine,Irwin,Cum.sociis.natoque@vehiculaetrutrum.edu,07904 798935,2022-04-07,36,1
21,Hunter,Jefferson,nibh.enim@metus.com,07461 335260,2022-04-07,16,1
22,Nora,Mccullough,augue.ut.lacus@Phasellusataugue.ca,0945 960 7723,2022-04-08,24,5
23,Leslie,Richmond,nulla.Integer@idmagna.com,0800 041 1410,2022-04-08,18,7
24,Lilah,Swanson,convallis.ante@turpis.edu,07242 695292,2022-04-07,20,10
25,Vladimir,Carver,ridiculus.mus@magnaLorem.co.uk,(028) 5103 4670,2022-04-07,34,5
26,Carter,Navarro,ut.molestie.in@egetvenenatis.ca,(016977) 5131,2022-04-07,19,10
27,Ulric,Nicholson,diam.at@utpharetrased.net,(0110) 108 0820,2022-04-08,26,3
28,Lunea,Schultz,mattis.Integer@necquam.org,(014944) 55187,2022-04-08,36,10
29,Kadeem,Pollard,Morbi@nequeSed.com,0800 934 6923,2022-04-08,29,5
30,Preston,Odom,malesuada.malesuada.Integer@et.ca,0800 563 0611,2022-04-07,20,4